{
  "android.widget.LinearLayout": [
    {
      "name": "android:layout_weight",
      "methodName": "setLayoutWeight",
      "className": "parentcallers.LinearLayoutCaller",
      "attributeName": "android:layout_weight",
      "argumentType": "float"
    },
    {
      "name": "android:layout_margin",
      "methodName": "setLayoutMargin",
      "className": "parentcallers.LinearLayoutCaller",
      "attributeName": "android:layout_margin",
      "argumentType": "dimension",
      "dimensionUnit": "dp"
    },
    {
      "name": "android:layout_marginLeft",
      "methodName": "setLayoutMarginLeft",
      "className": "parentcallers.LinearLayoutCaller",
      "attributeName": "android:layout_marginLeft",
      "argumentType": "dimension",
      "dimensionUnit": "dp"
    },
    {
      "name": "android:layout_marginRight",
      "methodName": "setLayoutMarginRight",
      "className": "parentcallers.LinearLayoutCaller",
      "attributeName": "android:layout_marginRight",
      "argumentType": "dimension",
      "dimensionUnit": "dp"
    },
    {
      "name": "android:layout_marginTop",
      "methodName": "setLayoutMarginTop",
      "className": "parentcallers.LinearLayoutCaller",
      "attributeName": "android:layout_marginTop",
      "argumentType": "dimension",
      "dimensionUnit": "dp"
    },
    {
      "name": "android:layout_marginBottom",
      "methodName": "setLayoutMarginBottom",
      "className": "parentcallers.LinearLayoutCaller",
      "attributeName": "android:layout_marginBottom",
      "argumentType": "dimension",
      "dimensionUnit": "dp"
    }
  ],
  "android.widget.FrameLayout": [
    {
      "name": "android:layout_gravity",
      "methodName": "setLayoutGravity",
      "className": "parentcallers.FrameLayoutCaller",
      "attributeName": "android:layout_gravity",
      "argumentType": "flag",
      "arguments": [
        "left",
        "right",
        "top",
        "bottom",
        "center",
        "center_horizontal",
        "center_vertical",
        "fill",
        "fill_horizontal",
        "fill_vertical",
        "clip_horizontal",
        "clip_vertical",
        "start",
        "end"
      ],
      "defaultValue": "-1"
    },
    {
      "name": "android:layout_margin",
      "methodName": "setLayoutMargin",
      "className": "parentcallers.FrameLayoutCaller",
      "attributeName": "android:layout_margin",
      "argumentType": "dimension",
      "dimensionUnit": "dp"
    },
    {
      "name": "android:layout_marginLeft",
      "methodName": "setLayoutMarginLeft",
      "className": "parentcallers.FrameLayoutCaller",
      "attributeName": "android:layout_marginLeft",
      "argumentType": "dimension",
      "dimensionUnit": "dp"
    },
    {
      "name": "android:layout_marginRight",
      "methodName": "setLayoutMarginRight",
      "className": "parentcallers.FrameLayoutCaller",
      "attributeName": "android:layout_marginRight",
      "argumentType": "dimension",
      "dimensionUnit": "dp"
    },
    {
      "name": "android:layout_marginTop",
      "methodName": "setLayoutMarginTop",
      "className": "parentcallers.FrameLayoutCaller",
      "attributeName": "android:layout_marginTop",
      "argumentType": "dimension",
      "dimensionUnit": "dp"
    },
    {
      "name": "android:layout_marginBottom",
      "methodName": "setLayoutMarginBottom",
      "className": "parentcallers.FrameLayoutCaller",
      "attributeName": "android:layout_marginBottom",
      "argumentType": "dimension",
      "dimensionUnit": "dp"
    }
  ],
  "android.widget.RelativeLayout": [
    {
      "name": "android:layout_centerHorizontal",
      "methodName": "setLayoutCenterHorizontal",
      "className": "parentcallers.RelativeLayoutCaller",
      "attributeName": "android:layout_centerHorizontal",
      "argumentType": "boolean",
      "defaultValue": "false"
    },
    {
      "name": "android:layout_centerVertical",
      "methodName": "setLayoutCenterVertical",
      "className": "parentcallers.RelativeLayoutCaller",
      "attributeName": "android:layout_centerVertical",
      "argumentType": "boolean",
      "defaultValue": "false"
    },
    {
      "name": "android:layout_centerInParent",
      "methodName": "setLayoutCenterInParent",
      "className": "parentcallers.RelativeLayoutCaller",
      "attributeName": "android:layout_centerInParent",
      "argumentType": "boolean",
      "defaultValue": "false"
    },
    {
      "name": "android:layout_below",
      "methodName": "setLayoutBelow",
      "className": "parentcallers.RelativeLayoutCaller",
      "attributeName": "android:layout_below",
      "argumentType": "view",
      "defaultValue": "-1"
    },
    {
      "name": "android:layout_above",
      "methodName": "setLayoutAbove",
      "className": "parentcallers.RelativeLayoutCaller",
      "attributeName": "android:layout_above",
      "argumentType": "view",
      "defaultValue": "-1"
    },
    {
      "name": "android:layout_toLeftOf",
      "methodName": "setLayoutToLeftOf",
      "className": "parentcallers.RelativeLayoutCaller",
      "attributeName": "android:layout_toLeftOf",
      "argumentType": "view",
      "defaultValue": "-1"
    },
    {
      "name": "android:layout_toRightOf",
      "methodName": "setLayoutToRightOf",
      "className": "parentcallers.RelativeLayoutCaller",
      "attributeName": "android:layout_toRightOf",
      "argumentType": "view",
      "defaultValue": "-1"
    },
    {
      "name": "android:layout_alignLeft",
      "methodName": "setLayoutAlignLeft",
      "className": "parentcallers.RelativeLayoutCaller",
      "attributeName": "android:layout_alignLeft",
      "argumentType": "view",
      "defaultValue": "-1"
    },
    {
      "name": "android:layout_alignRight",
      "methodName": "setLayoutAlignRight",
      "className": "parentcallers.RelativeLayoutCaller",
      "attributeName": "android:layout_alignRight",
      "argumentType": "view",
      "defaultValue": "-1"
    },
    {
      "name": "android:layout_alignTop",
      "methodName": "setLayoutAlignTop",
      "className": "parentcallers.RelativeLayoutCaller",
      "attributeName": "android:layout_alignTop",
      "argumentType": "view",
      "defaultValue": "-1"
    },
    {
      "name": "android:layout_alignBottom",
      "methodName": "setLayoutAlignBottom",
      "className": "parentcallers.RelativeLayoutCaller",
      "attributeName": "android:layout_alignBottom",
      "argumentType": "view",
      "defaultValue": "-1"
    },
    {
      "name": "android:layout_alignParentLeft",
      "methodName": "setLayoutAlignParentLeft",
      "className": "parentcallers.RelativeLayoutCaller",
      "attributeName": "android:layout_alignParentLeft",
      "argumentType": "boolean",
      "defaultValue": "false"
    },
    {
      "name": "android:layout_alignParentRight",
      "methodName": "setLayoutAlignParentRight",
      "className": "parentcallers.RelativeLayoutCaller",
      "attributeName": "android:layout_alignParentRight",
      "argumentType": "boolean",
      "defaultValue": "false"
    },
    {
      "name": "android:layout_alignParentTop",
      "methodName": "setLayoutAlignParentTop",
      "className": "parentcallers.RelativeLayoutCaller",
      "attributeName": "android:layout_alignParentTop",
      "argumentType": "boolean",
      "defaultValue": "false"
    },
    {
      "name": "android:layout_alignParentBottom",
      "methodName": "setLayoutAlignParentBottom",
      "className": "parentcallers.RelativeLayoutCaller",
      "attributeName": "android:layout_alignParentBottom",
      "argumentType": "boolean",
      "defaultValue": "false"
    },
    {
      "name": "android:layout_alignBaseline",
      "methodName": "setLayoutAlignBaseline",
      "className": "parentcallers.RelativeLayoutCaller",
      "attributeName": "android:layout_alignBaseline",
      "argumentType": "view",
      "defaultValue": "-1"
    },
    {
      "name": "android:layout_margin",
      "methodName": "setLayoutMargin",
      "className": "parentcallers.RelativeLayoutCaller",
      "attributeName": "android:layout_margin",
      "argumentType": "dimension",
      "dimensionUnit": "dp"
    },
    {
      "name": "android:layout_marginLeft",
      "methodName": "setLayoutMarginLeft",
      "className": "parentcallers.RelativeLayoutCaller",
      "attributeName": "android:layout_marginLeft",
      "argumentType": "dimension",
      "dimensionUnit": "dp"
    },
    {
      "name": "android:layout_marginRight",
      "methodName": "setLayoutMarginRight",
      "className": "parentcallers.RelativeLayoutCaller",
      "attributeName": "android:layout_marginRight",
      "argumentType": "dimension",
      "dimensionUnit": "dp"
    },
    {
      "name": "android:layout_marginTop",
      "methodName": "setLayoutMarginTop",
      "className": "parentcallers.RelativeLayoutCaller",
      "attributeName": "android:layout_marginTop",
      "argumentType": "dimension",
      "dimensionUnit": "dp"
    },
    {
      "name": "android:layout_marginBottom",
      "methodName": "setLayoutMarginBottom",
      "className": "parentcallers.RelativeLayoutCaller",
      "attributeName": "android:layout_marginBottom",
      "argumentType": "dimension",
      "dimensionUnit": "dp"
    }
  ],
  "androidx.constraintlayout.widget.ConstraintLayout": [
    {
      "name": "app:layout_constraintLeft_toLeftOf",
      "methodName": "setLeftToLeft",
      "className": "layouts.ConstraintLayoutCaller",
      "attributeName": "app:layout_constraintLeft_toLeftOf",
      "argumentType": "view",
      "constant": "parent",
      "defaultValue": "-1"
    },
    {
      "name": "app:layout_constraintLeft_toRightOf",
      "methodName": "setLeftToRight",
      "className": "layouts.ConstraintLayoutCaller",
      "attributeName": "app:layout_constraintLeft_toRightOf",
      "argumentType": "view",
      "constant": "parent",
      "defaultValue": "-1"
    },
    {
      "name": "app:layout_constraintRight_toLeftOf",
      "methodName": "setRightToLeft",
      "className": "layouts.ConstraintLayoutCaller",
      "attributeName": "app:layout_constraintRight_toLeftOf",
      "argumentType": "view",
      "constant": "parent",
      "defaultValue": "-1"
    },
    {
      "name": "app:layout_constraintRight_toRightOf",
      "methodName": "setRightToRight",
      "className": "layouts.ConstraintLayoutCaller",
      "attributeName": "app:layout_constraintRight_toRightOf",
      "argumentType": "view",
      "constant": "parent",
      "defaultValue": "-1"
    },
    {
      "name": "app:layout_constraintTop_toTopOf",
      "methodName": "setTopToTop",
      "className": "layouts.ConstraintLayoutCaller",
      "attributeName": "app:layout_constraintTop_toTopOf",
      "argumentType": "view",
      "constant": "parent",
      "defaultValue": "-1"
    },
    {
      "name": "app:layout_constraintTop_toBottomOf",
      "methodName": "setTopToBottom",
      "className": "layouts.ConstraintLayoutCaller",
      "attributeName": "app:layout_constraintTop_toBottomOf",
      "argumentType": "view",
      "constant": "parent",
      "defaultValue": "-1"
    },
    {
      "name": "app:layout_constraintBottom_toTopOf",
      "methodName": "setBottomToTop",
      "className": "layouts.ConstraintLayoutCaller",
      "attributeName": "app:layout_constraintBottom_toTopOf",
      "argumentType": "view",
      "constant": "parent",
      "defaultValue": "-1"
    },
    {
      "name": "app:layout_constraintBottom_toBottomOf",
      "methodName": "setBottomToBottom",
      "className": "layouts.ConstraintLayoutCaller",
      "attributeName": "app:layout_constraintBottom_toBottomOf",
      "argumentType": "view",
      "constant": "parent",
      "defaultValue": "-1"
    },
    {
      "name": "app:layout_constraintBaseline_toBaselineOf",
      "methodName": "setBottomToTop",
      "className": "layouts.ConstraintLayoutCaller",
      "attributeName": "app:layout_constraintBaseline_toBaselineOf",
      "argumentType": "view",
      "constant": "parent",
      "defaultValue": "-1"
    },
    {
      "name": "app:layout_constraintStart_toStartOf",
      "methodName": "setStartToStart",
      "className": "layouts.ConstraintLayoutCaller",
      "attributeName": "app:layout_constraintStart_toStartOf",
      "argumentType": "view",
      "constant": "parent",
      "defaultValue": "-1"
    },
    {
      "name": "app:layout_constraintStart_toEndOf",
      "methodName": "setStartToEnd",
      "className": "layouts.ConstraintLayoutCaller",
      "attributeName": "app:layout_constraintStart_toEndOf",
      "argumentType": "view",
      "constant": "parent",
      "defaultValue": "-1"
    },
    {
      "name": "app:layout_constraintEnd_toStartOf",
      "methodName": "setEndToStart",
      "className": "layouts.ConstraintLayoutCaller",
      "attributeName": "app:layout_constraintEnd_toStartOf",
      "argumentType": "view",
      "constant": "parent",
      "defaultValue": "-1"
    },
    {
      "name": "app:layout_constraintEnd_toEndOf",
      "methodName": "setEndToEnd",
      "className": "layouts.ConstraintLayoutCaller",
      "attributeName": "app:layout_constraintEnd_toEndOf",
      "argumentType": "view",
      "constant": "parent",
      "defaultValue": "-1"
    },
    {
      "name": "android:layout_marginLeft",
      "methodName": "setLayoutMarginLeft",
      "className": "layouts.ConstraintLayoutCaller",
      "attributeName": "android:layout_marginLeft",
      "argumentType": "dimension",
      "dimensionUnit": "dp"
    },
    {
      "name": "android:layout_marginRight",
      "methodName": "setLayoutMarginRight",
      "className": "layouts.ConstraintLayoutCaller",
      "attributeName": "android:layout_marginRight",
      "argumentType": "dimension",
      "dimensionUnit": "dp"
    },
    {
      "name": "android:layout_marginTop",
      "methodName": "setLayoutMarginTop",
      "className": "layouts.ConstraintLayoutCaller",
      "attributeName": "android:layout_marginTop",
      "argumentType": "dimension",
      "dimensionUnit": "dp"
    },
    {
      "name": "android:layout_marginBottom",
      "methodName": "setLayoutMarginBottom",
      "className": "layouts.ConstraintLayoutCaller",
      "attributeName": "android:layout_marginBottom",
      "argumentType": "dimension",
      "dimensionUnit": "dp"
    },
    {
      "name": "android:layout_marginStart",
      "methodName": "setLayoutMarginStart",
      "className": "layouts.ConstraintLayoutCaller",
      "attributeName": "android:layout_marginStart",
      "argumentType": "dimension",
      "dimensionUnit": "dp"
    },
    {
      "name": "android:layout_marginEnd",
      "methodName": "setLayoutMarginEnd",
      "className": "layouts.ConstraintLayoutCaller",
      "attributeName": "android:layout_marginEnd",
      "argumentType": "dimension",
      "dimensionUnit": "dp"
    },
    {
      "name": "app:layout_marginBaseline",
      "methodName": "setLayoutMarginBaseline",
      "className": "layouts.ConstraintLayoutCaller",
      "attributeName": "app:layout_marginBaseline",
      "argumentType": "dimension",
      "dimensionUnit": "dp"
    },
    {
      "name": "app:layout_goneMarginLeft",
      "methodName": "setLayoutGoneMarginLeft",
      "className": "layouts.ConstraintLayoutCaller",
      "attributeName": "app:layout_goneMarginLeft",
      "argumentType": "dimension",
      "dimensionUnit": "dp"
    },
    {
      "name": "app:layout_goneMarginRight",
      "methodName": "setLayoutGoneMarginRight",
      "className": "layouts.ConstraintLayoutCaller",
      "attributeName": "app:layout_goneMarginRight",
      "argumentType": "dimension",
      "dimensionUnit": "dp"
    },
    {
      "name": "app:layout_goneMarginTop",
      "methodName": "setLayoutGoneMarginTop",
      "className": "layouts.ConstraintLayoutCaller",
      "attributeName": "app:layout_goneMarginTop",
      "argumentType": "dimension",
      "dimensionUnit": "dp"
    },
    {
      "name": "app:layout_goneMarginBottom",
      "methodName": "setLayoutGoneMarginBottom",
      "className": "layouts.ConstraintLayoutCaller",
      "attributeName": "app:layout_goneMarginBottom",
      "argumentType": "dimension",
      "dimensionUnit": "dp"
    },
    {
      "name": "app:layout_goneMarginStart",
      "methodName": "setLayoutGoneMarginStart",
      "className": "layouts.ConstraintLayoutCaller",
      "attributeName": "app:layout_goneMarginStart",
      "argumentType": "dimension",
      "dimensionUnit": "dp"
    },
    {
      "name": "app:layout_goneMarginEnd",
      "methodName": "setLayoutGoneMarginEnd",
      "className": "layouts.ConstraintLayoutCaller",
      "attributeName": "app:layout_goneMarginEnd",
      "argumentType": "dimension",
      "dimensionUnit": "dp"
    },
    {
      "name": "app:layout_goneMarginBaseline",
      "methodName": "setLayoutGoneMarginBaseline",
      "className": "layouts.ConstraintLayoutCaller",
      "attributeName": "app:layout_goneMarginBaseline",
      "argumentType": "dimension",
      "dimensionUnit": "dp"
    },
    {
      "name": "app:layout_constraintHorizontal_bias",
      "methodName": "setHorizontalBias",
      "className": "layouts.ConstraintLayoutCaller",
      "attributeName": "app:layout_constraintHorizontal_bias",
      "argumentType": "float"
    },
    {
      "name": "app:layout_constraintVertical_bias",
      "methodName": "setVerticalBias",
      "className": "layouts.ConstraintLayoutCaller",
      "attributeName": "app:layout_constraintVertical_bias",
      "argumentType": "float"
    }
  ]
}